Sample ID,吸光值差,溶度差,回收率
A 12105/2,0.001,0.0,43.75%
A 12106/1,0.006999999999999999,0.001,103.125%
Sample ID,吸光值差,溶度差,回收率
A 12105/2,0.001,0.0,43.75%
A 12106/1,0.006999999999999999,0.001,103.125%
